<?xml version="1.0" encoding="UTF-8"?>
<Configuration status="info" name="kafka-log-config" packages="com.stockmarketapp.stocksmanagementservice">

    <Appenders>
        <Kafka name="kafkaAppender" topic="stock-app-logs">
            <JSONLayout />
            <Property name="bootstrap.servers">localhost:9092</Property>
        </Kafka>

        <!--stdout/stderr included for testing Oozie log4j edits-->
        <Console name="stdout" target="SYSTEM_OUT">
            <PatternLayout pattern="%d{HH:mm:ss.SSS} %-5p [%-7t] %F:%L - %m%n"/>
        </Console>
        <Console name="stderr" target="SYSTEM_ERR">
            <PatternLayout pattern="%d{HH:mm:ss.SSS} %-5p [%-7t] %F:%L - %m%n" />
            <Filters>
                <ThresholdFilter level="WARN" onMatch="ACCEPT" />
            </Filters>
        </Console>

    </Appenders>
    <Loggers>
        <Root level="INFO">
            <AppenderRef ref="kafkaAppender"/>

            <!--stdout/stderr included for testing Oozie log4j edits-->
            <AppenderRef ref="stdout"/>
            <AppenderRef ref="stderr"/>
        </Root>
        <Logger name="org.apache.kafka" level="warn" />
    </Loggers>
</Configuration>